{"background_mode": "fixed", "peak_width_limits": [1, 6], "max_n_peaks": 6, "min_peak_amplitude": 0.1, "peak_threshold": 1.5, "freq_range": [3.49317738791423, 39.92202729044834], "freq_res": 0.49902534113060426, "background_params_": [-6.030898713140764, 1.7448994872213754], "peak_params_": [[7.913981823195213, 0.9181349362404143, 1.3475685306485927], [28.74371556171258, 0.45167767198147857, 3.0806476946430124], [33.25743251865255, 0.4279598844592645, 1.0000000000000002], [37.445632559851035, 0.5206293797168708, 5.999999999999999]], "r_squared_": 0.7943740024581566, "error_": 0.1783985208080352, "_gaussian_params": [[7.913981823195213, 0.9231636659971416, 0.6737842653242964], [28.74371556171258, 0.4460274099694577, 1.5403238473215062], [33.25743251865255, 0.2243014746864533, 0.5000000000000001], [37.445632559851035, 0.5206394727450748, 2.9999999999999996]]}
