{"background_mode": "fixed", "peak_width_limits": [1, 6], "max_n_peaks": 6, "min_peak_amplitude": 0.1, "peak_threshold": 1.5, "freq_range": [3.49317738791423, 39.92202729044834], "freq_res": 0.49902534113060426, "background_params_": [-7.001102679767976, 1.8939717333946662], "peak_params_": [[9.460910473728163, 0.5877588204254334, 1.8965125072722506], [26.29734456757548, 0.14210196434459021, 1.0000000000000002], [27.952325904644898, 0.19397965061033062, 1.0000001722247336], [29.24189517273019, 0.33544719161345604, 1.0574639936058214], [37.92884990107037, 0.14637233436288888, 5.999999999999581]], "r_squared_": 0.9765214455521242, "error_": 0.06567088302734231, "_gaussian_params": [[9.460910473728163, 0.5878971388268354, 0.9482562536361253], [26.29734456757548, 0.14664156653611943, 0.5000000000000001], [27.952325904644898, 0.17519579003218397, 0.5000000861123668], [29.24189517273019, 0.3553836477873899, 0.5287319968029107], [37.92884990107037, 0.14637240388675987, 2.9999999999997904]]}
{"background_mode": "fixed", "peak_width_limits": [1, 6], "max_n_peaks": 6, "min_peak_amplitude": 0.1, "peak_threshold": 1.5, "freq_range": [3.49317738791423, 39.92202729044834], "freq_res": 0.49902534113060426, "background_params_": [-7.255680109847554, 1.5483496538171042], "peak_params_": [[3.4931773879142303, 0.5907492765960676, 5.999999999999999], [9.851613678620517, 0.36161605849526346, 1.7295075821377526], [30.783190186224992, 0.5560669442202162, 1.0000000000000002], [35.4786711213302, 0.32734751930670214, 5.999999999999999]], "r_squared_": 0.9304399068303898, "error_": 0.11292018106792004, "_gaussian_params": [[3.4931773879142303, 0.5907492765955074, 2.9999999999999996], [9.851613678620517, 0.3080036641722887, 0.8647537910688763], [30.783190186224992, 0.4744949835552136, 0.5000000000000001], [35.4786711213302, 0.32738919909884484, 2.9999999999999996]]}
{"background_mode": "fixed", "peak_width_limits": [1, 6], "max_n_peaks": 6, "min_peak_amplitude": 0.1, "peak_threshold": 1.5, "freq_range": [3.49317738791423, 39.92202729044834], "freq_res": 0.49902534113060426, "background_params_": [-7.075479997831873, 1.8105593068230297], "peak_params_": [[9.690019398457327, 0.4861069381768246, 1.5314694658015773], [21.34113627476581, 0.25231725324878873, 2.0622190166710452], [23.024216864314464, 0.42131831131289843, 1.0000000000000002], [25.521125418139054, 0.4261592999369235, 3.3608249119139324]], "r_squared_": 0.9605315976923832, "error_": 0.08132862392117056, "_gaussian_params": [[9.690019398457327, 0.5044720132056495, 0.7657347329007886], [21.34113627476581, 0.22920418393345585, 1.0311095083355226], [23.024216864314464, 0.22320561511698792, 0.5000000000000001], [25.521125418139054, 0.42645469535358094, 1.6804124559569662]]}
{"background_mode": "fixed", "peak_width_limits": [1, 6], "max_n_peaks": 6, "min_peak_amplitude": 0.1, "peak_threshold": 1.5, "freq_range": [3.49317738791423, 39.92202729044834], "freq_res": 0.49902534113060426, "background_params_": [-7.603304138922857, 1.4775805013871655], "peak_params_": [[9.604942303620087, 0.5313570397114518, 2.438134748868682], [20.123004593065644, 0.3782344162126847, 1.0000000000000002], [22.178043560627227, 0.34641731439409895, 1.0000000000000002], [23.908924388002443, 0.2891540830319155, 5.8973451277719375], [38.92690058479531, 0.31523882752380494, 4.560910273451565]], "r_squared_": 0.9349144484735569, "error_": 0.08899109871376924, "_gaussian_params": [[9.604942303620087, 0.5340871551755385, 1.219067374434341], [20.123004593065644, 0.27433730204859447, 0.5000000000000001], [22.178043560627227, 0.12566909957821537, 0.5000000000000001], [23.908924388002443, 0.2889564838522704, 2.9486725638859688], [38.92690058479531, 0.31523841021124255, 2.2804551367257826]]}
{"background_mode": "fixed", "peak_width_limits": [1, 6], "max_n_peaks": 6, "min_peak_amplitude": 0.1, "peak_threshold": 1.5, "freq_range": [3.49317738791423, 39.92202729044834], "freq_res": 0.49902534113060426, "background_params_": [-7.686067772299972, 1.3634501152440919], "peak_params_": [[9.01917593845229, 0.7928985261860397, 1.3238424003647107], [10.803786150695975, 0.3941843650986119, 1.0000000000000002], [21.52802705449131, 0.28127420330317676, 1.0000000000000002], [24.315027078641076, 0.43071104322450715, 3.179844850065482], [27.505382422289262, 0.3816553112191503, 1.2263067967339547], [34.93702811099967, 0.13119060132122584, 5.537035867621703]], "r_squared_": 0.9545721572646918, "error_": 0.0746278594004178, "_gaussian_params": [[9.01917593845229, 0.7935818591551617, 0.6619212001823553], [10.803786150695975, 0.40846273274560346, 0.5000000000000001], [21.52802705449131, 0.19718024239513846, 0.5000000000000001], [24.315027078641076, 0.4322155333911371, 1.589922425032741], [27.505382422289262, 0.31760352969042893, 0.6131533983669774], [34.93702811099967, 0.13119083749507796, 2.7685179338108514]]}
