{"background_mode": "fixed", "peak_width_limits": [1, 6], "max_n_peaks": 6, "min_peak_amplitude": 0.1, "peak_threshold": 1.5, "freq_range": [3.49317738791423, 39.92202729044834], "freq_res": 0.49902534113060426, "background_params_": [-7.249962480996861, 1.603794446753944], "peak_params_": [[8.73311241377988, 0.6019849526263847, 1.0000000000000084], [9.570638433678845, 0.4503701570740475, 1.0000000000042053], [10.52550985412312, 0.29587159446096223, 1.0000000000061577], [21.459135024887708, 0.31662669375048225, 1.0000000000000002], [33.32266437411397, 1.0201834088694284, 1.0000000000000002]], "r_squared_": 0.9229930307185188, "error_": 0.10890431595792911, "_gaussian_params": [[8.73311241377988, 0.5368973552042872, 0.5000000000000042], [9.570638433678845, 0.2511861871812117, 0.5000000000021027], [10.52550985412312, 0.24757643342362573, 0.5000000000030789], [21.459135024887708, 0.3166273857513755, 0.5000000000000001], [33.32266437411397, 1.0461172214547685, 0.5000000000000001]]}
{"background_mode": "fixed", "peak_width_limits": [1, 6], "max_n_peaks": 6, "min_peak_amplitude": 0.1, "peak_threshold": 1.5, "freq_range": [3.49317738791423, 39.92202729044834], "freq_res": 0.49902534113060426, "background_params_": [-4.98983633426614, 2.8249593621828972], "peak_params_": [[19.10436339084254, 0.2799264971661408, 1.0000000000000002], [24.27567351518885, 0.2951327485308006, 1.8853272228439872], [27.775057161632713, 0.2436895051748209, 1.0000000000000002], [33.28209164480389, 0.5686923674724422, 1.0000000000000002], [39.07826232936477, 0.38867824166378817, 5.505569953248188]], "r_squared_": 0.9767104793393279, "error_": 0.08408112024927053, "_gaussian_params": [[19.10436339084254, 0.2913470256378095, 0.5000000000000001], [24.27567351518885, 0.3003553785645638, 0.9426636114219936], [27.775057161632713, 0.2579746359235377, 0.5000000000000001], [33.28209164480389, 0.5459388074253246, 0.5000000000000001], [39.07826232936477, 0.389289195265646, 2.752784976624094]]}
{"background_mode": "fixed", "peak_width_limits": [1, 6], "max_n_peaks": 6, "min_peak_amplitude": 0.1, "peak_threshold": 1.5, "freq_range": [3.49317738791423, 39.92202729044834], "freq_res": 0.49902534113060426, "background_params_": [-7.185634528987661, 1.633494714532888], "peak_params_": [[9.431273553120102, 0.41396346086234637, 1.9696386609088614], [21.284044940268398, 0.2633963978559155, 1.0000000000000002], [25.49649710364088, 0.34024248532686485, 4.012488903277899], [33.32951114866653, 0.7581585144794794, 1.0000000000000002]], "r_squared_": 0.9074655050926957, "error_": 0.11156800816953452, "_gaussian_params": [[9.431273553120102, 0.41450178731209936, 0.9848193304544307], [21.284044940268398, 0.23216355507741668, 0.5000000000000001], [25.49649710364088, 0.34033272985113616, 2.0062444516389495], [33.32951114866653, 0.7749837748451341, 0.5000000000000001]]}
{"background_mode": "fixed", "peak_width_limits": [1, 6], "max_n_peaks": 6, "min_peak_amplitude": 0.1, "peak_threshold": 1.5, "freq_range": [3.49317738791423, 39.92202729044834], "freq_res": 0.49902534113060426, "background_params_": [-7.809085186913016, 1.1869912997021703], "peak_params_": [[8.660128821946738, 0.5518844456783292, 1.0000000000000608], [10.29341969847596, 0.2855461501209646, 1.9853260809185818], [20.797585301655005, 0.27622003455523547, 1.6231023242828628], [24.596874467733095, 0.2576965271943443, 4.020871134305514], [33.36493156999496, 0.732917247700783, 1.0000000000000002]], "r_squared_": 0.8895079688359545, "error_": 0.09341382883556217, "_gaussian_params": [[8.660128821946738, 0.5289106189008693, 0.5000000000000304], [10.29341969847596, 0.28989179741576104, 0.9926630404592909], [20.797585301655005, 0.23047526812522842, 0.8115511621414314], [24.596874467733095, 0.2583551244167425, 2.010435567152757], [33.36493156999496, 0.7400701925632251, 0.5000000000000001]]}
{"background_mode": "fixed", "peak_width_limits": [1, 6], "max_n_peaks": 6, "min_peak_amplitude": 0.1, "peak_threshold": 1.5, "freq_range": [3.49317738791423, 39.92202729044834], "freq_res": 0.49902534113060426, "background_params_": [-7.707624579387171, 1.2629326158508927], "peak_params_": [[9.151704436789649, 0.5963338256401123, 2.0833598168808067], [21.589035049698673, 0.2835949596318521, 1.0000000000000002], [23.80188775458282, 0.44467392021713614, 1.0000000000000002], [25.643402298149425, 0.313288245303065, 1.3709446623369397], [27.669396491422052, 0.2873670928386378, 1.0000000000000002], [33.32832651005366, 0.8530304212594597, 1.0000000000000002]], "r_squared_": 0.9251564881636709, "error_": 0.086155981642179, "_gaussian_params": [[9.151704436789649, 0.6042571753351234, 1.0416799084404034], [21.589035049698673, 0.29348120092993146, 0.5000000000000001], [23.80188775458282, 0.44928743513143415, 0.5000000000000001], [25.643402298149425, 0.32391361622835724, 0.6854723311684698], [27.669396491422052, 0.306164448301956, 0.5000000000000001], [33.32832651005366, 0.8725543436050116, 0.5000000000000001]]}
