{"background_mode": "fixed", "peak_width_limits": [1, 6], "max_n_peaks": 6, "min_peak_amplitude": 0.1, "peak_threshold": 1.5, "freq_range": [3.49317738791423, 39.92202729044834], "freq_res": 0.49902534113060426, "background_params_": [-6.00399521157167, 1.8448381861296015], "peak_params_": [[13.567317835433824, 0.43713251997892666, 1.0000000000000002], [17.334984250195333, 0.5699801390981323, 1.0000000000000002], [30.664857068673893, 0.6045079287880935, 2.605810234097949], [36.768552142891586, 0.6398425807587671, 1.0000000000000002], [38.26008463408837, 0.5903000503954896, 1.0000000000000002]], "r_squared_": 0.7514281096861422, "error_": 0.20856031239484876, "_gaussian_params": [[13.567317835433824, 0.44486501983096016, 0.5000000000000001], [17.334984250195333, 0.5898525230402825, 0.5000000000000001], [30.664857068673893, 0.6135334160864584, 1.3029051170489745], [36.768552142891586, 0.6544008225181305, 0.5000000000000001], [38.26008463408837, 0.6204183544520243, 0.5000000000000001]]}
