{"background_mode": "fixed", "peak_width_limits": [1, 6], "max_n_peaks": 6, "min_peak_amplitude": 0.1, "peak_threshold": 1.5, "freq_range": [3.49317738791423, 39.92202729044834], "freq_res": 0.49902534113060426, "background_params_": [-8.53236370520511, 1.1720829312455288], "peak_params_": [[4.533977324821792, 0.46362602957197474, 1.4122343107878235], [9.85926626907763, 0.21212287728686086, 1.0000000000000002], [22.02558391266632, 0.1936746003662666, 1.0000000000000002], [26.76717413213728, 0.21668288621003562, 1.0000000000000002], [34.45578542351195, 0.30530656637679776, 1.0000000000000002]], "r_squared_": 0.9339499165163158, "error_": 0.07807816536109276, "_gaussian_params": [[4.533977324821792, 0.46447646118019614, 0.7061171553939117], [9.85926626907763, 0.21845155206038125, 0.5000000000000001], [22.02558391266632, 0.19549902934491312, 0.5000000000000001], [26.76717413213728, 0.23122121532301018, 0.5000000000000001], [34.45578542351195, 0.3056307896364761, 0.5000000000000001]]}
{"background_mode": "fixed", "peak_width_limits": [1, 6], "max_n_peaks": 6, "min_peak_amplitude": 0.1, "peak_threshold": 1.5, "freq_range": [3.49317738791423, 39.92202729044834], "freq_res": 0.49902534113060426, "background_params_": [-8.16542354410185, 1.4361000502929382], "peak_params_": [[10.140253910925315, 0.5340104300433346, 1.2285795247433269], [11.899958124641023, 0.24898326237870094, 1.2345092320551296], [26.53594368130508, 0.21622228992951875, 1.0000000000000002], [28.762421297161673, 0.15376702053059788, 1.8295594093665224], [34.57728721869631, 0.14225960509408964, 4.8465488849401615]], "r_squared_": 0.9298724439307718, "error_": 0.08213159363324794, "_gaussian_params": [[10.140253910925315, 0.5503656880765031, 0.6142897623716634], [11.899958124641023, 0.24455023171248574, 0.6172546160275648], [26.53594368130508, 0.21295530937067403, 0.5000000000000001], [28.762421297161673, 0.14706383642559295, 0.9147797046832612], [34.57728721869631, 0.14251288442470383, 2.4232744424700807]]}
{"background_mode": "fixed", "peak_width_limits": [1, 6], "max_n_peaks": 6, "min_peak_amplitude": 0.1, "peak_threshold": 1.5, "freq_range": [3.49317738791423, 39.92202729044834], "freq_res": 0.49902534113060426, "background_params_": [-8.689545217711869, 1.092356795351247], "peak_params_": [[9.759932261751494, 0.5151620645544845, 1.000000000000596], [11.474658869395713, 0.25231844096242995, 3.451300953418177], [12.713887362397045, 0.3084564384120423, 1.2218476475341307], [15.472709551656918, 0.11568923568616007, 5.999999999999999], [32.7082499530774, 0.16645857499141847, 3.668080224280595]], "r_squared_": 0.9579475771633447, "error_": 0.05724533481921059, "_gaussian_params": [[9.759932261751494, 0.39660206050171376, 0.500000000000298], [11.474658869395713, 0.19817040050724458, 1.7256504767090886], [12.713887362397045, 0.0852259803708366, 0.6109238237670653], [15.472709551656918, 0.10209806381726902, 2.9999999999999996], [32.7082499530774, 0.1677432539341301, 1.8340401121402976]]}
{"background_mode": "fixed", "peak_width_limits": [1, 6], "max_n_peaks": 6, "min_peak_amplitude": 0.1, "peak_threshold": 1.5, "freq_range": [3.49317738791423, 39.92202729044834], "freq_res": 0.49902534113060426, "background_params_": [-8.727213827820755, 0.9184300338029935], "peak_params_": [[10.079799119218178, 0.3802793231250785, 1.5139695236830735], [26.944444444444446, 0.20424040890467765, 4.900276407390411], [33.436668144938636, 0.2781989408122545, 1.0000000000000002], [36.419632879421194, 0.37658885272426623, 1.0000000000000002], [37.86088660527215, 0.3473573150478835, 1.0000000000000002]], "r_squared_": 0.822935773537733, "error_": 0.08942399366680003, "_gaussian_params": [[10.079799119218178, 0.3835648037507758, 0.7569847618415367], [26.944444444444446, 0.20424055434286598, 2.4501382036952055], [33.436668144938636, 0.2720852569701076, 0.5000000000000001], [36.419632879421194, 0.3708072516602645, 0.5000000000000001], [37.86088660527215, 0.34629951184244084, 0.5000000000000001]]}
{"background_mode": "fixed", "peak_width_limits": [1, 6], "max_n_peaks": 6, "min_peak_amplitude": 0.1, "peak_threshold": 1.5, "freq_range": [3.49317738791423, 39.92202729044834], "freq_res": 0.49902534113060426, "background_params_": [-8.31409057754591, 1.4073808091592839], "peak_params_": [[10.17236605708463, 0.37783363867515973, 1.1798455623547], [20.09168331949218, 0.1637132995472541, 1.0000000000000002], [21.968044997466485, 0.23848493034822127, 1.4343232369766845], [34.9665779327179, 0.20503758185088827, 1.0000000000000002], [38.3010391107594, 0.25109730268239083, 3.4018670849484085]], "r_squared_": 0.9004327350558722, "error_": 0.0957946336356642, "_gaussian_params": [[10.17236605708463, 0.3983537862817833, 0.58992278117735], [20.09168331949218, 0.1644874337859964, 0.5000000000000001], [21.968044997466485, 0.2383564451769355, 0.7171616184883423], [34.9665779327179, 0.17005144284091028, 0.5000000000000001], [38.3010391107594, 0.25176448037699145, 1.7009335424742043]]}
