{"background_mode": "fixed", "peak_width_limits": [1, 6], "max_n_peaks": 6, "min_peak_amplitude": 0.1, "peak_threshold": 1.5, "freq_range": [3.49317738791423, 39.92202729044834], "freq_res": 0.49902534113060426, "background_params_": [-8.099797692975892, 1.4577524370436152], "peak_params_": [[5.687871516801087, 0.29111161887893466, 1.1569660901994596], [9.70335066877255, 0.5314533186678503, 1.0410376291511863], [34.46319495580048, 0.23353794895465363, 3.130943015964562], [37.37375186377075, 0.16887336548386145, 1.0000000000000002], [38.94099445894398, 0.2702435936753176, 1.6880370263238527]], "r_squared_": 0.9244741283655701, "error_": 0.08465885540997671, "_gaussian_params": [[5.687871516801087, 0.3087815079246533, 0.5784830450997298], [9.70335066877255, 0.5819929257460429, 0.5205188145755931], [34.46319495580048, 0.23358194950026656, 1.565471507982281], [37.37375186377075, 0.07724206256364405, 0.5000000000000001], [38.94099445894398, 0.26563597304944686, 0.8440185131619263]]}
