{"background_mode": "fixed", "peak_width_limits": [1, 6], "max_n_peaks": 6, "min_peak_amplitude": 0.1, "peak_threshold": 1.5, "freq_range": [3.49317738791423, 39.92202729044834], "freq_res": 0.49902534113060426, "background_params_": [-8.17719638999315, 1.4883798007908182], "peak_params_": [[4.7536997201346, 0.42925183643174947, 1.018347727070286], [10.073279952304848, 0.5124828121372378, 1.0654058136613827], [13.684005250511008, 0.15874594840362022, 4.599605128737686], [21.139548804444086, 0.23310451626715434, 1.0000000000000002], [27.551210020557228, 0.17420511796436777, 1.2797610424967731]], "r_squared_": 0.9656278848760341, "error_": 0.0695430304436994, "_gaussian_params": [[4.7536997201346, 0.4780281595399638, 0.509173863535143], [10.073279952304848, 0.4760561323723443, 0.5327029068306913], [13.684005250511008, 0.15941116780754047, 2.299802564368843], [21.139548804444086, 0.24765416606152946, 0.5000000000000001], [27.551210020557228, 0.17655803431841494, 0.6398805212483866]]}
{"background_mode": "fixed", "peak_width_limits": [1, 6], "max_n_peaks": 6, "min_peak_amplitude": 0.1, "peak_threshold": 1.5, "freq_range": [3.49317738791423, 39.92202729044834], "freq_res": 0.49902534113060426, "background_params_": [-7.972303718283105, 1.640141179800663], "peak_params_": [[4.3384383889386475, 0.20207234085866688, 1.0000000000000002], [10.283589855317926, 0.8737864649480507, 1.3931741849881032], [12.478557504662481, 0.20250333002231713, 3.880132790669326], [20.068481861407708, 0.29344833735856746, 1.0000000000000002], [30.942495126705648, 0.1624749098118521, 5.999999999999999], [37.98725079265808, 0.1947303367233335, 1.0000000000000002]], "r_squared_": 0.9704744384192086, "error_": 0.07132307905715332, "_gaussian_params": [[4.3384383889386475, 0.2116876428085073, 0.5000000000000001], [10.283589855317926, 0.7885619982808532, 0.6965870924940516], [12.478557504662481, 0.19692499563496174, 1.940066395334663], [20.068481861407708, 0.2999821442883886, 0.5000000000000001], [30.942495126705648, 0.16247498698419607, 2.9999999999999996], [37.98725079265808, 0.18530125525220734, 0.5000000000000001]]}
{"background_mode": "fixed", "peak_width_limits": [1, 6], "max_n_peaks": 6, "min_peak_amplitude": 0.1, "peak_threshold": 1.5, "freq_range": [3.49317738791423, 39.92202729044834], "freq_res": 0.49902534113060426, "background_params_": [-8.704313473088092, 1.1299763503165399], "peak_params_": [[9.96790964941798, 0.717434355596291, 1.547275828166723], [11.616398667239668, 0.45383879567833674, 1.0000000000000002], [12.859888235360112, 0.3007407888558955, 1.0000000000000002], [14.171057194530407, 0.32558250601750593, 1.0000000000000002], [16.712130918624496, 0.3144027611411939, 2.9813782313672657], [19.61016622986654, 0.37551466187557736, 1.0000000000000002]], "r_squared_": 0.9405409884419622, "error_": 0.07767012004966475, "_gaussian_params": [[9.96790964941798, 0.7158403064849901, 0.7736379140833615], [11.616398667239668, 0.3540049406168986, 0.5000000000000001], [12.859888235360112, 0.2697070309577141, 0.5000000000000001], [14.171057194530407, 0.2640115496901909, 0.5000000000000001], [16.712130918624496, 0.3186461496384094, 1.4906891156836328], [19.61016622986654, 0.3316350098825852, 0.5000000000000001]]}
{"background_mode": "fixed", "peak_width_limits": [1, 6], "max_n_peaks": 6, "min_peak_amplitude": 0.1, "peak_threshold": 1.5, "freq_range": [3.49317738791423, 39.92202729044834], "freq_res": 0.49902534113060426, "background_params_": [-7.686589697676693, 1.6441815904552546], "peak_params_": [[6.50191714204722, 0.7354497791684835, 2.2333086067770602], [10.562479755521814, 0.33361395517241554, 1.901516889453033], [24.725893189658073, 0.4440190157344528, 1.0000000000000002], [31.413543457161897, 0.4221971825938695, 1.0000000000000002], [36.02745679701947, 0.9217566483284934, 1.5201266637970368], [38.214767241914664, 0.38206811431635934, 1.5908053458775333]], "r_squared_": 0.9398954038289057, "error_": 0.09460470222430568, "_gaussian_params": [[6.50191714204722, 0.7354783478277661, 1.1166543033885301], [10.562479755521814, 0.3335889436411067, 0.9507584447265165], [24.725893189658073, 0.49149617117902006, 0.5000000000000001], [31.413543457161897, 0.42272749208510113, 0.5000000000000001], [36.02745679701947, 0.9230597040600241, 0.7600633318985184], [38.214767241914664, 0.3890389940155823, 0.7954026729387667]]}
{"background_mode": "fixed", "peak_width_limits": [1, 6], "max_n_peaks": 6, "min_peak_amplitude": 0.1, "peak_threshold": 1.5, "freq_range": [3.49317738791423, 39.92202729044834], "freq_res": 0.49902534113060426, "background_params_": [-8.170656342260518, 1.525994218604981], "peak_params_": [[10.493953387897578, 0.7483150487770693, 1.518420464946967], [27.474916706616664, 0.23529531462489217, 1.9866138996040925], [36.16544561327572, 0.20874419508829156, 1.6057954979129683], [39.0006875074726, 0.22326573454724574, 1.884619562310577]], "r_squared_": 0.9484754697597829, "error_": 0.07318815298714944, "_gaussian_params": [[10.493953387897578, 0.74845006122377, 0.7592102324734835], [27.474916706616664, 0.2353923420654794, 0.9933069498020463], [36.16544561327572, 0.21677658911353972, 0.8028977489564841], [39.0006875074726, 0.2234121901222755, 0.9423097811552885]]}
