{"background_mode": "fixed", "peak_width_limits": [1, 6], "max_n_peaks": 6, "min_peak_amplitude": 0.1, "peak_threshold": 1.5, "freq_range": [3.49317738791423, 39.92202729044834], "freq_res": 0.49902534113060426, "background_params_": [-7.475275781006262, 1.8660570637535665], "peak_params_": [[4.724293303988656, 0.26772450367680456, 2.9498640474444846], [9.808816177908206, 0.7667399448363028, 1.1114516318059016], [21.37322928950901, 0.2222682313337625, 1.0000000000000002], [38.04007662363159, 0.17514660359017142, 5.99999999999995]], "r_squared_": 0.963907137941736, "error_": 0.08866797816402258, "_gaussian_params": [[4.724293303988656, 0.2710879380848363, 1.4749320237222423], [9.808816177908206, 0.8037228411848845, 0.5557258159029508], [21.37322928950901, 0.22549258739947206, 0.5000000000000001], [38.04007662363159, 0.1752734398888618, 2.999999999999975]]}
