{"background_mode": "fixed", "peak_width_limits": [1, 6], "max_n_peaks": 6, "min_peak_amplitude": 0.1, "peak_threshold": 1.5, "freq_range": [3.49317738791423, 39.92202729044834], "freq_res": 0.49902534113060426, "background_params_": [-7.497504526731328, 1.748373533087888], "peak_params_": [[7.5266573798012075, 0.2939272374200108, 1.0000000000000002], [10.34529443057936, 0.420387089086411, 1.894858414001369], [15.814258526705819, 0.14501155296223622, 2.5334936605128995], [31.302938434785354, 0.22973693187094568, 1.0000000000009002], [33.3671075719577, 0.41517383071441394, 1.0000000000000002], [38.48342135187962, 0.08424130798034035, 4.36105357945736]], "r_squared_": 0.9695169111052853, "error_": 0.07078237680788733, "_gaussian_params": [[7.5266573798012075, 0.29045518879746096, 0.5000000000000001], [10.34529443057936, 0.4246071803554606, 0.9474292070006844], [15.814258526705819, 0.14609487548532807, 1.2667468302564497], [31.302938434785354, 0.23762483074561885, 0.5000000000004501], [33.3671075719577, 0.41312928904491414, 0.5000000000000001], [38.48342135187962, 0.08427159927039099, 2.18052678972868]]}
