{"background_mode": "fixed", "peak_width_limits": [1, 6], "max_n_peaks": 6, "min_peak_amplitude": 0.1, "peak_threshold": 1.5, "freq_range": [3.49317738791423, 39.92202729044834], "freq_res": 0.49902534113060426, "background_params_": [-7.253903706083205, 1.5188077504405542], "peak_params_": [[6.839299152567976, 0.9234269745473744, 2.486786207985652], [13.31112237768052, 1.054420779739651, 2.8585093688269443], [19.835602494772182, 0.953887235235559, 2.5647921911387606], [26.14201158816131, 0.6595534951511208, 2.29151146748337]], "r_squared_": 0.9423987082876851, "error_": 0.12711395659769506, "_gaussian_params": [[6.839299152567976, 0.9298481421500348, 1.243393103992826], [13.31112237768052, 1.0612581782848385, 1.4292546844134721], [19.835602494772182, 0.9584379618136912, 1.2823960955693803], [26.14201158816131, 0.6689361214806239, 1.145755733741685]]}
{"background_mode": "fixed", "peak_width_limits": [1, 6], "max_n_peaks": 6, "min_peak_amplitude": 0.1, "peak_threshold": 1.5, "freq_range": [3.49317738791423, 39.92202729044834], "freq_res": 0.49902534113060426, "background_params_": [-7.044088659800523, 1.9683009240850693], "peak_params_": [[5.724161840845533, 0.43990267182621423, 1.6020770742501704], [12.505214004381637, 0.28926722241373426, 2.0297113584100166], [19.72377762684174, 0.30055530646087014, 1.0357951211159198], [21.568724828999134, 0.2959848406071153, 1.0000000000000002], [28.89609579789264, 0.3054476654970433, 1.0000000000000002], [33.35121107403946, 0.22180924172984717, 1.0000000000000002]], "r_squared_": 0.9764202045508327, "error_": 0.07498874741509312, "_gaussian_params": [[5.724161840845533, 0.4592264421583053, 0.8010385371250852], [12.505214004381637, 0.2893901256224944, 1.0148556792050083], [19.72377762684174, 0.331893971274659, 0.5178975605579599], [21.568724828999134, 0.30207120838518636, 0.5000000000000001], [28.89609579789264, 0.30682177625855034, 0.5000000000000001], [33.35121107403946, 0.22492293365444202, 0.5000000000000001]]}
{"background_mode": "fixed", "peak_width_limits": [1, 6], "max_n_peaks": 6, "min_peak_amplitude": 0.1, "peak_threshold": 1.5, "freq_range": [3.49317738791423, 39.92202729044834], "freq_res": 0.49902534113060426, "background_params_": [-8.526176327026217, 1.0756412465492566], "peak_params_": [[5.016278263115848, 0.37116776420604225, 2.0771155901019163], [9.751452211623864, 0.22607729553822153, 1.0000000000000002], [13.57551417674659, 0.13240740076505375, 1.0000000000000002], [33.737043921338234, 0.1984384842627609, 1.822128556924198], [36.84002439142354, 0.21440058032269427, 1.0000000000000002], [39.16821685797752, 0.14957230112924158, 1.6192570721526531]], "r_squared_": 0.9573298302710671, "error_": 0.058742537324178126, "_gaussian_params": [[5.016278263115848, 0.3712843172513333, 1.0385577950509581], [9.751452211623864, 0.2510848758783562, 0.5000000000000001], [13.57551417674659, 0.13518202762390888, 0.5000000000000001], [33.737043921338234, 0.20311673896105603, 0.911064278462099], [36.84002439142354, 0.21383246901432526, 0.5000000000000001], [39.16821685797752, 0.15649755841557889, 0.8096285360763266]]}
{"background_mode": "fixed", "peak_width_limits": [1, 6], "max_n_peaks": 6, "min_peak_amplitude": 0.1, "peak_threshold": 1.5, "freq_range": [3.49317738791423, 39.92202729044834], "freq_res": 0.49902534113060426, "background_params_": [-7.8562088617314405, 1.551553011017001], "peak_params_": [[5.400878388796247, 0.3742490045578162, 1.0000000000000002], [7.174148544594885, 0.3244908129238606, 1.0000000000000002], [8.967890099471473, 0.2254868541599926, 1.0000000000000002], [10.659544800622536, 0.357864367300218, 1.0000000000000002], [33.405650411529, 0.43836273728824793, 1.0000000000000002], [37.70006842218023, 0.24354423523765156, 2.131280843952618]], "r_squared_": 0.9317387964860041, "error_": 0.10119029865146976, "_gaussian_params": [[5.400878388796247, 0.3789434989822396, 0.5000000000000001], [7.174148544594885, 0.34544565262335775, 0.5000000000000001], [8.967890099471473, 0.22371493358264397, 0.5000000000000001], [10.659544800622536, 0.3793532151688516, 0.5000000000000001], [33.405650411529, 0.4390202836562489, 0.5000000000000001], [37.70006842218023, 0.24907623151581776, 1.065640421976309]]}
{"background_mode": "fixed", "peak_width_limits": [1, 6], "max_n_peaks": 6, "min_peak_amplitude": 0.1, "peak_threshold": 1.5, "freq_range": [3.49317738791423, 39.92202729044834], "freq_res": 0.49902534113060426, "background_params_": [-6.937924294202049, 2.1964468779812947], "peak_params_": [[7.002806236938084, 1.0051572027730753, 2.1164233051052976], [13.943733190474866, 0.5344275974295876, 2.4506767508624914], [27.050552195825425, 0.7113902101044101, 1.580086831120238], [32.28035804545725, 0.5218160893818702, 1.9840853681860813], [33.222981800576044, 0.5966455612719059, 1.0000000000000002], [38.34505023837504, 0.2582313056859782, 5.152258958990426]], "r_squared_": 0.9661944801250383, "error_": 0.09910365392291144, "_gaussian_params": [[7.002806236938084, 1.0052786263927782, 1.0582116525526488], [13.943733190474866, 0.5345770468070417, 1.2253383754312457], [27.050552195825425, 0.7174686602593499, 0.790043415560119], [32.28035804545725, 0.3958054552545779, 0.9920426840930406], [33.222981800576044, 0.38667047889464934, 0.5000000000000001], [38.34505023837504, 0.25835554133918476, 2.576129479495213]]}
