{"background_mode": "fixed", "peak_width_limits": [1, 6], "max_n_peaks": 6, "min_peak_amplitude": 0.1, "peak_threshold": 1.5, "freq_range": [3.49317738791423, 39.92202729044834], "freq_res": 0.49902534113060426, "background_params_": [-7.1104509807759575, 1.6511206664151077], "peak_params_": [[6.851843874956142, 0.8926629536999773, 2.496254406885206], [13.305319747693755, 1.0439986564047583, 2.8718648388198993], [19.757505744138083, 0.9388252397099137, 2.4823800582990803], [26.232858903070817, 0.6525258015357753, 2.2529667586935975], [33.11654639180388, 0.2981159013028982, 1.9611328699682757]], "r_squared_": 0.9483013399070751, "error_": 0.1172271596434181, "_gaussian_params": [[6.851843874956142, 0.8977959822074482, 1.248127203442603], [13.305319747693755, 1.0511964121491866, 1.4359324194099496], [19.757505744138083, 0.9515067394064495, 1.2411900291495401], [26.232858903070817, 0.664573683943643, 1.1264833793467988], [33.11654639180388, 0.3032309652745408, 0.9805664349841379]]}
{"background_mode": "fixed", "peak_width_limits": [1, 6], "max_n_peaks": 6, "min_peak_amplitude": 0.1, "peak_threshold": 1.5, "freq_range": [3.49317738791423, 39.92202729044834], "freq_res": 0.49902534113060426, "background_params_": [-6.968150162155099, 2.0376865469027257], "peak_params_": [[5.691111746229406, 0.455185317860753, 1.3759370253334184], [12.498961275836978, 0.2959961750405533, 2.3138189838038627], [17.921912017911893, 0.28044519135508494, 1.0000000000000002], [19.77753817313807, 0.2748619974902411, 1.0000000000000002], [21.370850483110026, 0.223895623074025, 1.0000000000000002], [32.31920011932013, 0.22855397178573433, 3.201909965349209]], "r_squared_": 0.9807647742703756, "error_": 0.06409622585900046, "_gaussian_params": [[5.691111746229406, 0.4752016142699889, 0.6879685126667092], [12.498961275836978, 0.29605635433530164, 1.1569094919019314], [17.921912017911893, 0.2810733193435897, 0.5000000000000001], [19.77753817313807, 0.2893867785484452, 0.5000000000000001], [21.370850483110026, 0.22629460603857474, 0.5000000000000001], [32.31920011932013, 0.2291698137000036, 1.6009549826746046]]}
{"background_mode": "fixed", "peak_width_limits": [1, 6], "max_n_peaks": 6, "min_peak_amplitude": 0.1, "peak_threshold": 1.5, "freq_range": [3.49317738791423, 39.92202729044834], "freq_res": 0.49902534113060426, "background_params_": [-8.125635416411797, 1.404158054557564], "peak_params_": [[5.136191895844446, 0.3158348791668413, 1.2613079946000654], [26.40215524614706, 0.20604203497092222, 1.0000000000000002], [31.572487773925584, 0.13279194678484707, 1.0000000000000002], [33.28402801235883, 0.4450898943031749, 1.0000000000000002], [35.22634875741266, 0.22090318738193027, 1.0000000000000002], [38.94632102236524, 0.2606235772269052, 1.2476547602718486]], "r_squared_": 0.9562392064121179, "error_": 0.06444830558051842, "_gaussian_params": [[5.136191895844446, 0.3244055440464569, 0.6306539973000327], [26.40215524614706, 0.20692301858603873, 0.5000000000000001], [31.572487773925584, 0.13710835733022, 0.5000000000000001], [33.28402801235883, 0.4652152558067734, 0.5000000000000001], [35.22634875741266, 0.24011433481645292, 0.5000000000000001], [38.94632102236524, 0.2607908141189556, 0.6238273801359243]]}
{"background_mode": "fixed", "peak_width_limits": [1, 6], "max_n_peaks": 6, "min_peak_amplitude": 0.1, "peak_threshold": 1.5, "freq_range": [3.49317738791423, 39.92202729044834], "freq_res": 0.49902534113060426, "background_params_": [-7.875174433572395, 1.5430497109300396], "peak_params_": [[5.377284664089007, 0.35441628548217885, 1.0000000000000002], [7.241919947949768, 0.3282238694487205, 1.0000000000000002], [10.61960356639256, 0.3993887980635922, 1.0000000000000002], [12.492461680156676, 0.38047511509208043, 1.0000000000000002], [14.399998134215977, 0.4361480505687414, 1.0000000000000002], [33.35349542275452, 0.38236920971815636, 1.3763940612560261]], "r_squared_": 0.9350648281226239, "error_": 0.10287053302619735, "_gaussian_params": [[5.377284664089007, 0.3626058272783962, 0.5000000000000001], [7.241919947949768, 0.3694772327828565, 0.5000000000000001], [10.61960356639256, 0.41525284954515307, 0.5000000000000001], [12.492461680156676, 0.37999989987213534, 0.5000000000000001], [14.399998134215977, 0.44050831594621287, 0.5000000000000001], [33.35349542275452, 0.38504023432622175, 0.6881970306280131]]}
{"background_mode": "fixed", "peak_width_limits": [1, 6], "max_n_peaks": 6, "min_peak_amplitude": 0.1, "peak_threshold": 1.5, "freq_range": [3.49317738791423, 39.92202729044834], "freq_res": 0.49902534113060426, "background_params_": [-7.067170536202377, 2.0851485746199945], "peak_params_": [[7.02626503229469, 1.009604603916654, 2.1224040207628554], [13.722337924247642, 0.5536365535477614, 2.967348613847873], [27.186673507073433, 0.6116113645425365, 1.9690746626149769], [32.04601830304487, 0.45539238382423264, 1.0000000000000002], [33.30222024094657, 0.6704500311709047, 1.0565268334718885]], "r_squared_": 0.9628672544396452, "error_": 0.10758579124186027, "_gaussian_params": [[7.02626503229469, 1.010300067829507, 1.0612020103814277], [13.722337924247642, 0.5614665233735034, 1.4836743069239364], [27.186673507073433, 0.6299478178632594, 0.9845373313074884], [32.04601830304487, 0.44137440022068236, 0.5000000000000001], [33.30222024094657, 0.6822413288975823, 0.5282634167359442]]}
