{"background_mode": "fixed", "peak_width_limits": [1, 6], "max_n_peaks": 6, "min_peak_amplitude": 0.1, "peak_threshold": 1.5, "freq_range": [3.49317738791423, 39.92202729044834], "freq_res": 0.49902534113060426, "background_params_": [-7.585735617711656, 1.6934107111183876], "peak_params_": [[5.401742803385974, 0.10485933834534755, 1.0000000000000002], [7.69752275830937, 0.2697249350673303, 1.6092115679983046], [10.68521708624961, 0.3160552572311879, 1.7395929659155815], [25.67930398662038, 0.20354579051828026, 1.0000000000000002], [34.55173458743794, 0.19495052105168575, 5.999999933413612], [35.92690058479535, 0.22042645385751314, 1.0000000000000002]], "r_squared_": 0.9656549231116776, "error_": 0.06893824068886815, "_gaussian_params": [[5.401742803385974, 0.09992592719703634, 0.5000000000000001], [7.69752275830937, 0.27886090595981994, 0.8046057839991523], [10.68521708624961, 0.3242899246360454, 0.8697964829577908], [25.67930398662038, 0.22388835085356668, 0.5000000000000001], [34.55173458743794, 0.1945819989400277, 2.999999966706806], [35.92690058479535, 0.045329139462126, 0.5000000000000001]]}
