{"background_mode": "fixed", "peak_width_limits": [1, 6], "max_n_peaks": 6, "min_peak_amplitude": 0.1, "peak_threshold": 1.5, "freq_range": [3.49317738791423, 39.92202729044834], "freq_res": 0.49902534113060426, "background_params_": [-7.028554083095591, 1.7852576400796636], "peak_params_": [[9.37364439922347, 0.3813472204642725, 3.7677300696236418], [13.829373556655563, 0.3572991655496356, 1.0000000000000002], [15.85736736762416, 0.25783609088964354, 1.5870056772648051], [19.834488924790367, 0.27677650473147963, 2.9694050243749865], [22.459064327485375, 0.19588828371702682, 1.0000000000000002], [24.591144018751216, 0.2269803976168383, 1.0000000000000002]], "r_squared_": 0.9693496081663945, "error_": 0.07910288667887425, "_gaussian_params": [[9.37364439922347, 0.3819725127665582, 1.8838650348118209], [13.829373556655563, 0.33643009114351696, 0.5000000000000001], [15.85736736762416, 0.25005364060657653, 0.7935028386324026], [19.834488924790367, 0.2777823752038611, 1.4847025121874933], [22.459064327485375, 0.13743340980330102, 0.5000000000000001], [24.591144018751216, 0.23356931760284708, 0.5000000000000001]]}
