{"background_mode": "fixed", "peak_width_limits": [1, 6], "max_n_peaks": 6, "min_peak_amplitude": 0.1, "peak_threshold": 1.5, "freq_range": [3.49317738791423, 39.92202729044834], "freq_res": 0.49902534113060426, "background_params_": [-6.627665711320305, 1.988111789895261], "peak_params_": [[5.31793214034992, 0.308623493358013, 1.0000000000000002], [9.292015195966341, 0.36436874734001456, 3.0448220128011645], [33.32763370055799, 0.9069784650620676, 1.0000000000000002], [39.545787669559566, 0.39942163969466904, 1.612448495799515]], "r_squared_": 0.9457453521348702, "error_": 0.1069708438697464, "_gaussian_params": [[5.31793214034992, 0.3100861788308548, 0.5000000000000001], [9.292015195966341, 0.3672014035391715, 1.5224110064005822], [33.32763370055799, 0.9280115450046301, 0.5000000000000001], [39.545787669559566, 0.4040807859744251, 0.8062242478997576]]}
