{"background_mode": "fixed", "peak_width_limits": [1, 6], "max_n_peaks": 6, "min_peak_amplitude": 0.1, "peak_threshold": 1.5, "freq_range": [3.49317738791423, 39.92202729044834], "freq_res": 0.49902534113060426, "background_params_": [-7.459474364129935, 1.6659674064307723], "peak_params_": [[9.177565954007639, 0.41776328312550604, 1.0000000000000002], [10.645398608160592, 0.4114245843712325, 1.0000000000000002], [12.457398439210026, 0.14331559551899176, 1.6094222101824769], [21.444467612296197, 0.303088098706759, 1.0000000000000002], [23.971829925535083, 0.21447661085831626, 1.0000000000000002], [33.31363830914787, 1.105552735480087, 1.0000000000000002]], "r_squared_": 0.9368334192625913, "error_": 0.09014519642845259, "_gaussian_params": [[9.177565954007639, 0.449039220692688, 0.5000000000000001], [10.645398608160592, 0.4113465022782371, 0.5000000000000001], [12.457398439210026, 0.14284569134669384, 0.8047111050912384], [21.444467612296197, 0.3031999047475768, 0.5000000000000001], [23.971829925535083, 0.21462424350771184, 0.5000000000000001], [33.31363830914787, 1.138436979091549, 0.5000000000000001]]}
{"background_mode": "fixed", "peak_width_limits": [1, 6], "max_n_peaks": 6, "min_peak_amplitude": 0.1, "peak_threshold": 1.5, "freq_range": [3.49317738791423, 39.92202729044834], "freq_res": 0.49902534113060426, "background_params_": [-7.279614332537802, 1.8056086045927717], "peak_params_": [[10.364604693371545, 0.34118595167160315, 2.426220583793592], [21.375709727615043, 0.25649235767460254, 1.0000000000000002], [24.10325842227609, 0.2914263009527289, 2.117582302437792], [33.32560716291222, 1.2442457949463481, 1.0000000000000002]], "r_squared_": 0.9427715030574981, "error_": 0.09468870119728262, "_gaussian_params": [[10.364604693371545, 0.3427205089630896, 1.213110291896796], [21.375709727615043, 0.24683101650756445, 0.5000000000000001], [24.10325842227609, 0.2943668189609226, 1.058791151218896], [33.32560716291222, 1.2742160384428305, 0.5000000000000001]]}
{"background_mode": "fixed", "peak_width_limits": [1, 6], "max_n_peaks": 6, "min_peak_amplitude": 0.1, "peak_threshold": 1.5, "freq_range": [3.49317738791423, 39.92202729044834], "freq_res": 0.49902534113060426, "background_params_": [-8.010129980987424, 1.2721449524966588], "peak_params_": [[9.319061363189975, 0.4926723505613193, 1.0000000000000002], [11.177997382012999, 0.3829259190747436, 2.8412072761334346], [17.32984619248218, 0.2844240646519811, 1.0000000000000002], [21.54014036072017, 0.3431608420806658, 1.0000000000000002], [24.448446729958075, 0.2961336582565899, 1.7790755423030873], [33.3358317644589, 1.156355895815052, 1.0000000000000002]], "r_squared_": 0.9102885427842443, "error_": 0.09250482846824463, "_gaussian_params": [[9.319061363189975, 0.32023009585289347, 0.5000000000000001], [11.177997382012999, 0.38540690882759415, 1.4206036380667173], [17.32984619248218, 0.29512677538035326, 0.5000000000000001], [21.54014036072017, 0.3467573722699889, 0.5000000000000001], [24.448446729958075, 0.2961363382780258, 0.8895377711515436], [33.3358317644589, 1.1791839120273004, 0.5000000000000001]]}
{"background_mode": "fixed", "peak_width_limits": [1, 6], "max_n_peaks": 6, "min_peak_amplitude": 0.1, "peak_threshold": 1.5, "freq_range": [3.49317738791423, 39.92202729044834], "freq_res": 0.49902534113060426, "background_params_": [-8.126313071393911, 1.2139423328395025], "peak_params_": [[9.235961849222333, 0.675647598053688, 1.0175429667214038], [10.342088231490584, 0.5905665878273503, 1.0000000000000002], [11.629029249041805, 0.4480833139290663, 1.0000000000000002], [21.345402002829, 0.4799250688861907, 1.0000000000000002], [24.566926071116953, 0.2876403927785418, 1.358515614151124], [33.3127412738091, 1.1348228628048211, 1.0000000000000002]], "r_squared_": 0.9255553239992788, "error_": 0.0789633927879451, "_gaussian_params": [[9.235961849222333, 0.6186921565378267, 0.5087714833607019], [10.342088231490584, 0.5494615747377807, 0.5000000000000001], [11.629029249041805, 0.42543094379376656, 0.5000000000000001], [21.345402002829, 0.49226137072759363, 0.5000000000000001], [24.566926071116953, 0.2917695121377027, 0.679257807075562], [33.3127412738091, 1.1690873322471502, 0.5000000000000001]]}
{"background_mode": "fixed", "peak_width_limits": [1, 6], "max_n_peaks": 6, "min_peak_amplitude": 0.1, "peak_threshold": 1.5, "freq_range": [3.49317738791423, 39.92202729044834], "freq_res": 0.49902534113060426, "background_params_": [-8.24228955667949, 1.1194326141266613], "peak_params_": [[9.975963054150274, 0.5620837394673082, 3.5102968011385443], [22.331758449207886, 0.2685114517115572, 4.031087446939679], [33.27354601015958, 1.0137085982785852, 1.0000000000000002]], "r_squared_": 0.8960718685421245, "error_": 0.08601828197438592, "_gaussian_params": [[9.975963054150274, 0.5620856211289122, 1.7551484005692721], [22.331758449207886, 0.26902322344456214, 2.0155437234698397], [33.27354601015958, 1.0677517308996782, 0.5000000000000001]]}
