{"background_mode": "fixed", "peak_width_limits": [1, 6], "max_n_peaks": 6, "min_peak_amplitude": 0.1, "peak_threshold": 1.5, "freq_range": [3.49317738791423, 39.92202729044834], "freq_res": 0.49902534113060426, "background_params_": [-7.247712103987659, 1.893833132679527], "peak_params_": [[9.035559286924647, 0.4369652120081522, 1.0000000000000002], [10.730300806809051, 0.33156198477320764, 2.5581681245007046], [16.063807777634448, 0.2100199210379401, 1.0000000000000002], [23.703100587652177, 0.18154114042500424, 3.0113359253552168], [26.906790840850782, 0.25204030646877484, 1.0000000000000002], [33.20888339756691, 0.19647536739815585, 1.943537635714045]], "r_squared_": 0.9832748418965609, "error_": 0.057476865596360206, "_gaussian_params": [[9.035559286924647, 0.3059276086287463, 0.5000000000000001], [10.730300806809051, 0.3377023246959992, 1.2790840622503523], [16.063807777634448, 0.21376623362725153, 0.5000000000000001], [23.703100587652177, 0.1840388409865979, 1.5056679626776084], [26.906790840850782, 0.2347507518156972, 0.5000000000000001], [33.20888339756691, 0.20185226319330038, 0.9717688178570225]]}
{"background_mode": "fixed", "peak_width_limits": [1, 6], "max_n_peaks": 6, "min_peak_amplitude": 0.1, "peak_threshold": 1.5, "freq_range": [3.49317738791423, 39.92202729044834], "freq_res": 0.49902534113060426, "background_params_": [-7.170418548828869, 1.9201422940151291], "peak_params_": [[10.336978820449458, 0.4596059186022785, 1.7882502836444514], [24.321887334388332, 0.19863772545125435, 5.999999999999999], [33.541441863181184, 0.2579446712716944, 1.0000000000000002], [36.562810810423755, 0.13498344487030067, 1.0000000000000002]], "r_squared_": 0.9565395718741819, "error_": 0.08858387505227922, "_gaussian_params": [[10.336978820449458, 0.46547975831722116, 0.8941251418222257], [24.321887334388332, 0.19882533092182283, 2.9999999999999996], [33.541441863181184, 0.26187317505074936, 0.5000000000000001], [36.562810810423755, 0.1398562083665166, 0.5000000000000001]]}
{"background_mode": "fixed", "peak_width_limits": [1, 6], "max_n_peaks": 6, "min_peak_amplitude": 0.1, "peak_threshold": 1.5, "freq_range": [3.49317738791423, 39.92202729044834], "freq_res": 0.49902534113060426, "background_params_": [-7.867865892733307, 1.475877386196266], "peak_params_": [[9.25668017588985, 0.704782463253169, 1.0000000000000002], [10.75698110514537, 0.5596050291452546, 1.6462872393561114], [15.589296422000649, 0.2029314288149866, 5.999999999999999], [21.233658241466618, 0.2533910871501348, 1.0000000000000002], [24.93343125066456, 0.3186386371252645, 1.767990237059157], [38.30870607231517, 0.23326255648534122, 2.591295088700915]], "r_squared_": 0.971719597631837, "error_": 0.06330018579095298, "_gaussian_params": [[9.25668017588985, 0.5802694765888525, 0.5000000000000001], [10.75698110514537, 0.5140106942080352, 0.8231436196780557], [15.589296422000649, 0.2030924778341973, 2.9999999999999996], [21.233658241466618, 0.24694724491750505, 0.5000000000000001], [24.93343125066456, 0.3171436103382775, 0.8839951185295785], [38.30870607231517, 0.23420328773946555, 1.2956475443504576]]}
{"background_mode": "fixed", "peak_width_limits": [1, 6], "max_n_peaks": 6, "min_peak_amplitude": 0.1, "peak_threshold": 1.5, "freq_range": [3.49317738791423, 39.92202729044834], "freq_res": 0.49902534113060426, "background_params_": [-8.004279795209252, 1.3882566786389356], "peak_params_": [[9.969355318662952, 0.7763364275628586, 2.255584209375086], [13.700567348196598, 0.24036296894031572, 1.4057049102393773], [15.387244095724007, 0.2202854114050492, 1.0000000000000002], [17.714400528872414, 0.21984424627074795, 1.0000000000000002], [22.491082578429786, 0.26628230397316166, 4.783462190266662], [24.834634491278514, 0.25884695681040704, 1.0000000000000002]], "r_squared_": 0.968578323077335, "error_": 0.0643387653411064, "_gaussian_params": [[9.969355318662952, 0.7763738717300459, 1.127792104687543], [13.700567348196598, 0.24629436022357964, 0.7028524551196886], [15.387244095724007, 0.2091562771613444, 0.5000000000000001], [17.714400528872414, 0.2155590824351226, 0.5000000000000001], [22.491082578429786, 0.2663094455315324, 2.391731095133331], [24.834634491278514, 0.10475542752402567, 0.5000000000000001]]}
{"background_mode": "fixed", "peak_width_limits": [1, 6], "max_n_peaks": 6, "min_peak_amplitude": 0.1, "peak_threshold": 1.5, "freq_range": [3.49317738791423, 39.92202729044834], "freq_res": 0.49902534113060426, "background_params_": [-8.027819827621117, 1.3656856601588574], "peak_params_": [[9.715141796435558, 0.781898688934664, 2.354360582795637], [13.642757978548962, 0.22640706508795638, 2.307366816858539], [19.233068745809042, 0.3397231180190534, 2.8938579552523267], [23.017665952500476, 0.36417297584466546, 1.2033435988833752], [23.956140350877188, 0.19671983629216072, 5.999999999999999]], "r_squared_": 0.9610809959557683, "error_": 0.07297822924077502, "_gaussian_params": [[9.715141796435558, 0.797112223074879, 1.1771802913978184], [13.642757978548962, 0.2235325771660734, 1.1536834084292695], [19.233068745809042, 0.3029050830924296, 1.4469289776261633], [23.017665952500476, 0.2364732834118151, 0.6016717994416876], [23.956140350877188, 0.12464487967362116, 2.9999999999999996]]}
